pair_id,build_phase,priority,decision,page_type,topic_cluster,language,page_path,counterpart_path,page_name,primary_keyword,counterpart_primary_keyword,search_intent,funnel_stage,product_codes,product_truth_status,primary_cta,secondary_cta,required_internal_links,sister_site_target,schema_types,css_cluster,analytics_page_type,image_direction,source_basis,implementation_notes
MT001,phase_0,Critical,replace_and_expand,homepage,site_foundation,en,/,/es/,Mindo Tours,Mindo tours Ecuador,tours en Mindo Ecuador,commercial_navigation,bottom,Multiple active products,mixed_active,Explore Mindo activities,Request a custom plan,/tours/ | /activities/ | /mindo-day-trips/ | /mindo-travel-guide/,https://mindobirdwatching.com/,Organization | WebSite | WebPage | BreadcrumbList,home,homepage,"Broad Mindo cloud forest, waterfall, chocolate and adventure scene",Existing homepage plus MindoTours GSC,Replace the coming-soon presentation with a complete bilingual funnel homepage.
MT001,phase_0,Critical,replace_and_expand,homepage,site_foundation,es,/es/,/,Tours en Mindo,tours en Mindo Ecuador,Mindo tours Ecuador,commercial_navigation,bottom,Multiple active products,mixed_active,Explore Mindo activities,Request a custom plan,/tours/ | /activities/ | /mindo-day-trips/ | /mindo-travel-guide/,https://mindobirdwatching.com/,Organization | WebSite | WebPage | BreadcrumbList,home,homepage,"Broad Mindo cloud forest, waterfall, chocolate and adventure scene",Existing homepage plus MindoTours GSC,Replace the coming-soon presentation with a complete bilingual funnel homepage.
MT002,phase_1,High,retain_and_improve,destination_hub,things_to_do,en,/things-to-do-in-mindo/,/es/cosas-que-hacer-en-mindo/,Things to Do in Mindo,things to do in Mindo,qué hacer en Mindo,informational_commercial,middle,MBW011-MBW016 | ACT004 | ACT011 | ACT013 | ACT015-ACT017,active_and_active_pending,Compare activities,Ask for recommendations,/activities/ | /tours/ | /mindo-travel-guide/ | /book-tour/,https://mindobirdwatching.com/activities/,CollectionPage | ItemList | FAQPage | BreadcrumbList,guide,destination_hub,Collage of Mindo activities with placeholders allowed,Existing paired pages plus MBW GSC demand,Keep broad; send detailed birdwatching intent to MBW.
MT002,phase_1,High,retain_and_improve,destination_hub,things_to_do,es,/es/cosas-que-hacer-en-mindo/,/things-to-do-in-mindo/,Cosas que Hacer en Mindo,qué hacer en Mindo,things to do in Mindo,informational_commercial,middle,MBW011-MBW016 | ACT004 | ACT011 | ACT013 | ACT015-ACT017,active_and_active_pending,Compare activities,Ask for recommendations,/activities/ | /tours/ | /mindo-travel-guide/ | /book-tour/,https://mindobirdwatching.com/activities/,CollectionPage | ItemList | FAQPage | BreadcrumbList,guide,destination_hub,Collage of Mindo activities with placeholders allowed,Existing paired pages plus MBW GSC demand,Keep broad; send detailed birdwatching intent to MBW.
MT003,phase_0,Critical,create_missing_hub,commercial_hub,tours,en,/tours/,/es/tours/,Mindo Tours and Guided Experiences,Mindo tours,tours en Mindo,commercial,middle,MBW004-MBW010 | OSO001-OSO002 | Multiple activities,active,View tour options,Request a private itinerary,/private-tours-mindo/ | /mindo-day-trips/ | /activities/ | /book-tour/,https://mindobirdwatching.com/tours/,CollectionPage | ItemList | BreadcrumbList,commercial_hub,commercial_hub,Guided Mindo experience overview,Broken-link audit and product catalog,Required because 23 current internal links point to this missing hub.
MT003,phase_0,Critical,create_missing_hub,commercial_hub,tours,es,/es/tours/,/tours/,Tours y Experiencias Guiadas en Mindo,tours en Mindo,Mindo tours,commercial,middle,MBW004-MBW010 | OSO001-OSO002 | Multiple activities,active,View tour options,Request a private itinerary,/private-tours-mindo/ | /mindo-day-trips/ | /activities/ | /book-tour/,https://mindobirdwatching.com/tours/,CollectionPage | ItemList | BreadcrumbList,commercial_hub,commercial_hub,Guided Mindo experience overview,Broken-link audit and product catalog,Required because 23 current internal links point to this missing hub.
MT004,phase_0,Critical,create_missing_hub,commercial_hub,activities,en,/activities/,/es/actividades/,Mindo Activities,Mindo activities,actividades en Mindo,commercial,middle,MBW011-MBW016 | ACT004 | ACT009-ACT017,active_and_active_pending,Explore activities,Build a mixed itinerary,/things-to-do-in-mindo/ | /tours/ | /book-tour/,https://mindobirdwatching.com/activities/,CollectionPage | ItemList | BreadcrumbList,commercial_hub,commercial_hub,Activity-card grid with category imagery,Broken-link audit and product catalog,Required because current pages already link to this missing hub.
MT004,phase_0,Critical,create_missing_hub,commercial_hub,activities,es,/es/actividades/,/activities/,Actividades en Mindo,actividades en Mindo,Mindo activities,commercial,middle,MBW011-MBW016 | ACT004 | ACT009-ACT017,active_and_active_pending,Explore activities,Build a mixed itinerary,/things-to-do-in-mindo/ | /tours/ | /book-tour/,https://mindobirdwatching.com/activities/,CollectionPage | ItemList | BreadcrumbList,commercial_hub,commercial_hub,Activity-card grid with category imagery,Broken-link audit and product catalog,Required because current pages already link to this missing hub.
MT005,phase_0,Critical,retain_en_create_es,lead_form,conversion,en,/book-tour/,/es/reservar-tour/,Book a Tour in Mindo,book Mindo tour,reservar tour en Mindo,transactional,bottom,Multiple active products,mixed_active,Send booking request,WhatsApp,/tours/ | /activities/ | /private-tours-mindo/,https://mindobirdwatching.com/contact/,WebPage | ContactPage | BreadcrumbList,conversion,lead_form,Friendly guide or planning consultation,Existing EN form and shared MBW lead destination,Both languages must use the same secure Pages Function and attribution fields.
MT005,phase_0,Critical,retain_en_create_es,lead_form,conversion,es,/es/reservar-tour/,/book-tour/,Reservar un Tour en Mindo,reservar tour en Mindo,book Mindo tour,transactional,bottom,Multiple active products,mixed_active,Send booking request,WhatsApp,/tours/ | /activities/ | /private-tours-mindo/,https://mindobirdwatching.com/contact/,WebPage | ContactPage | BreadcrumbList,conversion,lead_form,Friendly guide or planning consultation,Existing EN form and shared MBW lead destination,Both languages must use the same secure Pages Function and attribution fields.
MT006,phase_0,Critical,replace_empty_create_es,contact_page,conversion,en,/contact/,/es/contacto/,Contact Mindo Tours,contact Mindo Tours,contactar tours en Mindo,transactional,bottom,Multiple active products,mixed_active,Send an inquiry,WhatsApp,/book-tour/ | /tours/ | /activities/,https://mindobirdwatching.com/contact/,ContactPage | Organization | BreadcrumbList,conversion,contact_page,Simple team or cloud-forest contact visual,Current contact page is empty,Route into MBW while retaining source_site=mindotours.
MT006,phase_0,Critical,replace_empty_create_es,contact_page,conversion,es,/es/contacto/,/contact/,Contacto Mindo Tours,contactar tours en Mindo,contact Mindo Tours,transactional,bottom,Multiple active products,mixed_active,Send an inquiry,WhatsApp,/book-tour/ | /tours/ | /activities/,https://mindobirdwatching.com/contact/,ContactPage | Organization | BreadcrumbList,conversion,contact_page,Simple team or cloud-forest contact visual,Current contact page is empty,Route into MBW while retaining source_site=mindotours.
MT007,phase_2,Medium,retain_en_create_es,about_page,trust,en,/about/,/es/sobre-nosotros/,About Mindo Tours,Mindo local tour team,equipo local de tours Mindo,informational,top,,not_applicable,Explore tours,Contact the team,/tours/ | /things-to-do-in-mindo/ | /contact/,https://mindobirdwatching.com/about/,AboutPage | Organization | BreadcrumbList,trust,about_page,Local team and destination context,Existing EN page and sister-site trust,Avoid unsupported credentials or review claims.
MT007,phase_2,Medium,retain_en_create_es,about_page,trust,es,/es/sobre-nosotros/,/about/,Sobre Mindo Tours,equipo local de tours Mindo,Mindo local tour team,informational,top,,not_applicable,Explore tours,Contact the team,/tours/ | /things-to-do-in-mindo/ | /contact/,https://mindobirdwatching.com/about/,AboutPage | Organization | BreadcrumbList,trust,about_page,Local team and destination context,Existing EN page and sister-site trust,Avoid unsupported credentials or review claims.
MT008,phase_1,High,create_missing_hub,travel_guide_hub,travel_planning,en,/mindo-travel-guide/,/es/guia-de-viaje-mindo/,Mindo Travel Guide,Mindo travel guide,guía de viaje Mindo,informational,top,,not_applicable,Plan your visit,See tours,/how-to-get-to-mindo/ | /best-time-to-visit-mindo/ | /things-to-do-in-mindo/ | /mindo-itinerary-one-day/,https://mindobirdwatching.com/mindo-travel-guide/,CollectionPage | ItemList | BreadcrumbList,guide_hub,travel_guide_hub,Map-style Mindo planning overview,Broken-link audit and existing guide pages,Required because current pages already link to this missing guide hub.
MT008,phase_1,High,create_missing_hub,travel_guide_hub,travel_planning,es,/es/guia-de-viaje-mindo/,/mindo-travel-guide/,Guía de Viaje de Mindo,guía de viaje Mindo,Mindo travel guide,informational,top,,not_applicable,Plan your visit,See tours,/how-to-get-to-mindo/ | /best-time-to-visit-mindo/ | /things-to-do-in-mindo/ | /mindo-itinerary-one-day/,https://mindobirdwatching.com/mindo-travel-guide/,CollectionPage | ItemList | BreadcrumbList,guide_hub,travel_guide_hub,Map-style Mindo planning overview,Broken-link audit and existing guide pages,Required because current pages already link to this missing guide hub.
MT009,phase_1,High,retain_and_improve,commercial_guide,day_trips,en,/mindo-day-trips/,/es/excursiones-de-un-dia-mindo/,Mindo Day Trips,Mindo day trip from Quito,tour a Mindo desde Quito,commercial,middle,TRANS03 | TRANS06 | Multiple activities,active_mixed_checkout,Compare day-trip options,Request a custom day,/quito-to-mindo-transport/ | /things-to-do-in-mindo/ | /private-tours-mindo/ | /book-tour/,https://mindobirdwatching.com/mindo-day-tour-from-quito/,TouristTrip | FAQPage | BreadcrumbList,commercial_guide,commercial_guide,Quito-to-Mindo day-trip journey,Existing paired pages and MBW GSC demand,Clarify inclusions and do not imply transport is included unless selected.
MT009,phase_1,High,retain_and_improve,commercial_guide,day_trips,es,/es/excursiones-de-un-dia-mindo/,/mindo-day-trips/,Excursiones de un Día a Mindo,tour a Mindo desde Quito,Mindo day trip from Quito,commercial,middle,TRANS03 | TRANS06 | Multiple activities,active_mixed_checkout,Compare day-trip options,Request a custom day,/quito-to-mindo-transport/ | /things-to-do-in-mindo/ | /private-tours-mindo/ | /book-tour/,https://mindobirdwatching.com/mindo-day-tour-from-quito/,TouristTrip | FAQPage | BreadcrumbList,commercial_guide,commercial_guide,Quito-to-Mindo day-trip journey,Existing paired pages and MBW GSC demand,Clarify inclusions and do not imply transport is included unless selected.
MT010,phase_1,High,retain_and_improve,commercial_page,private_tours,en,/private-tours-mindo/,/es/tours-privados-mindo/,Private Tours in Mindo,private tours Mindo,tours privados Mindo,commercial,bottom,MBW007 | MBW008,active,Request a private tour,Compare tour ideas,/tours/ | /mindo-day-trips/ | /book-tour/,https://mindobirdwatching.com/tours/custom-private-tour/,TouristTrip | Service | FAQPage | BreadcrumbList,commercial,commercial_page,Private guide with flexible group,Existing paired pages and active custom products,Keep pricing conditional on scope and group.
MT010,phase_1,High,retain_and_improve,commercial_page,private_tours,es,/es/tours-privados-mindo/,/private-tours-mindo/,Tours Privados en Mindo,tours privados Mindo,private tours Mindo,commercial,bottom,MBW007 | MBW008,active,Request a private tour,Compare tour ideas,/tours/ | /mindo-day-trips/ | /book-tour/,https://mindobirdwatching.com/tours/custom-private-tour/,TouristTrip | Service | FAQPage | BreadcrumbList,commercial,commercial_page,Private guide with flexible group,Existing paired pages and active custom products,Keep pricing conditional on scope and group.
MT011,phase_1,High,retain_and_improve,travel_guide,transport,en,/how-to-get-to-mindo/,/es/como-llegar-a-mindo/,How to Get to Mindo,how to get to Mindo from Quito,cómo llegar a Mindo desde Quito,informational_commercial,middle,TRANS01-TRANS06,active_mixed_checkout,View private transfers,Plan a day trip,/quito-to-mindo-transport/ | /mindo-day-trips/ | /mindo-travel-guide/,https://mindobirdwatching.com/how-to-get-to-mindo/,HowTo | FAQPage | BreadcrumbList,guide,travel_guide,Road map or transfer vehicle placeholder,Existing paired pages and GSC queries,Verify current bus details before publication; avoid time-sensitive claims without sources.
MT011,phase_1,High,retain_and_improve,travel_guide,transport,es,/es/como-llegar-a-mindo/,/how-to-get-to-mindo/,Cómo Llegar a Mindo,cómo llegar a Mindo desde Quito,how to get to Mindo from Quito,informational_commercial,middle,TRANS01-TRANS06,active_mixed_checkout,View private transfers,Plan a day trip,/quito-to-mindo-transport/ | /mindo-day-trips/ | /mindo-travel-guide/,https://mindobirdwatching.com/how-to-get-to-mindo/,HowTo | FAQPage | BreadcrumbList,guide,travel_guide,Road map or transfer vehicle placeholder,Existing paired pages and GSC queries,Verify current bus details before publication; avoid time-sensitive claims without sources.
MT012,phase_2,Medium,retain_and_improve,travel_guide,travel_planning,en,/best-time-to-visit-mindo/,/es/mejor-epoca-para-visitar-mindo/,Best Time to Visit Mindo,best time to visit Mindo,mejor época para visitar Mindo,informational,top,,not_applicable,Plan by interest,See activities,/mindo-travel-guide/ | /things-to-do-in-mindo/ | /mindo-cloud-forest-guide/,https://mindobirdwatching.com/best-time-to-visit-mindo/,Article | FAQPage | BreadcrumbList,guide,travel_guide,Seasonal cloud forest without misleading weather guarantees,Existing paired pages and MBW GSC,Separate typical patterns from guarantees.
MT012,phase_2,Medium,retain_and_improve,travel_guide,travel_planning,es,/es/mejor-epoca-para-visitar-mindo/,/best-time-to-visit-mindo/,Mejor Época para Visitar Mindo,mejor época para visitar Mindo,best time to visit Mindo,informational,top,,not_applicable,Plan by interest,See activities,/mindo-travel-guide/ | /things-to-do-in-mindo/ | /mindo-cloud-forest-guide/,https://mindobirdwatching.com/best-time-to-visit-mindo/,Article | FAQPage | BreadcrumbList,guide,travel_guide,Seasonal cloud forest without misleading weather guarantees,Existing paired pages and MBW GSC,Separate typical patterns from guarantees.
MT013,phase_2,Medium,retain_and_improve,destination_guide,cloud_forest,en,/mindo-cloud-forest-guide/,/es/bosque-nublado-de-mindo-guia/,Mindo Cloud Forest Guide,Mindo cloud forest,bosque nublado de Mindo,informational,top,MBW009 | MBW015-MBW016,active,Explore nature activities,Plan a guided day,/activities/ | /mindo-travel-guide/ | /mindo-wildlife-nature-tours/,https://mindobirdwatching.com/mindo-cloud-forest-guide/,Article | FAQPage | BreadcrumbList,guide,destination_guide,Mindo cloud forest landscape,Existing paired pages and GSC demand,Use original wording and link specialized species content to MBW.
MT013,phase_2,Medium,retain_and_improve,destination_guide,cloud_forest,es,/es/bosque-nublado-de-mindo-guia/,/mindo-cloud-forest-guide/,Guía del Bosque Nublado de Mindo,bosque nublado de Mindo,Mindo cloud forest,informational,top,MBW009 | MBW015-MBW016,active,Explore nature activities,Plan a guided day,/activities/ | /mindo-travel-guide/ | /mindo-wildlife-nature-tours/,https://mindobirdwatching.com/mindo-cloud-forest-guide/,Article | FAQPage | BreadcrumbList,guide,destination_guide,Mindo cloud forest landscape,Existing paired pages and GSC demand,Use original wording and link specialized species content to MBW.
MT014,phase_0,Critical,create_en_repair_es,sister_site_funnel,birdwatching,en,/bird-watching-tours-mindo/,/es/tours-de-avistamiento-de-aves-mindo/,Bird Watching Tours in Mindo,bird watching tours Mindo,tours de avistamiento de aves Mindo,commercial,bottom,MBW004-MBW010,active,View birding tours on MBW,Ask for a mixed itinerary,/tours/ | /private-tours-mindo/ | /things-to-do-in-mindo/,https://mindobirdwatching.com/tours/,Service | ItemList | FAQPage | BreadcrumbList,sister_funnel,sister_site_funnel,Birding guide and cloud-forest birds,Current ES file has EN metadata and missing EN counterpart,MindoTours provides the overview; MBW owns product depth and booking authority.
MT014,phase_0,Critical,create_en_repair_es,sister_site_funnel,birdwatching,es,/es/tours-de-avistamiento-de-aves-mindo/,/bird-watching-tours-mindo/,Tours de Avistamiento de Aves en Mindo,tours de avistamiento de aves Mindo,bird watching tours Mindo,commercial,bottom,MBW004-MBW010,active,View birding tours on MBW,Ask for a mixed itinerary,/tours/ | /private-tours-mindo/ | /things-to-do-in-mindo/,https://mindobirdwatching.com/tours/,Service | ItemList | FAQPage | BreadcrumbList,sister_funnel,sister_site_funnel,Birding guide and cloud-forest birds,Current ES file has EN metadata and missing EN counterpart,MindoTours provides the overview; MBW owns product depth and booking authority.
MT015,phase_1,High,create,activity_page,food_culture,en,/activities/chocolate-tour-mindo/,/es/actividades/tour-de-chocolate-mindo/,Chocolate Tour in Mindo,chocolate tour Mindo,tour del chocolate Mindo,commercial,bottom,MBW011,active_checkout,Check availability,Build a mixed day,/activities/ | /things-to-do-in-mindo/ | /mindo-itinerary-one-day/,https://mindobirdwatching.com/activities/,Product | TouristAttraction | FAQPage | BreadcrumbList,activity,activity_page,Cacao and chocolate-making experience,Product catalog and GSC queries,Use catalog price only when product pricing rules allow it.
MT015,phase_1,High,create,activity_page,food_culture,es,/es/actividades/tour-de-chocolate-mindo/,/activities/chocolate-tour-mindo/,Tour de Chocolate en Mindo,tour del chocolate Mindo,chocolate tour Mindo,commercial,bottom,MBW011,active_checkout,Check availability,Build a mixed day,/activities/ | /things-to-do-in-mindo/ | /mindo-itinerary-one-day/,https://mindobirdwatching.com/activities/,Product | TouristAttraction | FAQPage | BreadcrumbList,activity,activity_page,Cacao and chocolate-making experience,Product catalog and GSC queries,Use catalog price only when product pricing rules allow it.
MT016,phase_2,Medium,create,activity_page,food_culture,en,/activities/coffee-tour-mindo/,/es/actividades/tour-de-cafe-mindo/,Coffee Tour in Mindo,coffee tour Mindo,tour de café Mindo,commercial,bottom,MBW012,active_checkout,Check availability,Compare chocolate tours,/activities/ | /activities/chocolate-tour-mindo/ | /mindo-itinerary-one-day/,https://mindobirdwatching.com/activities/,Product | TouristAttraction | FAQPage | BreadcrumbList,activity,activity_page,Coffee plants and local preparation,Product catalog,Do not invent farm names or production methods.
MT016,phase_2,Medium,create,activity_page,food_culture,es,/es/actividades/tour-de-cafe-mindo/,/activities/coffee-tour-mindo/,Tour de Café en Mindo,tour de café Mindo,coffee tour Mindo,commercial,bottom,MBW012,active_checkout,Check availability,Compare chocolate tours,/activities/ | /activities/chocolate-tour-mindo/ | /mindo-itinerary-one-day/,https://mindobirdwatching.com/activities/,Product | TouristAttraction | FAQPage | BreadcrumbList,activity,activity_page,Coffee plants and local preparation,Product catalog,Do not invent farm names or production methods.
MT017,phase_1,High,create,activity_page,waterfalls,en,/activities/mindo-waterfall-hike/,/es/actividades/cascadas-de-mindo/,Mindo Waterfall Hike,Mindo waterfall tour,ruta de las cascadas Mindo,commercial,bottom,MBW013,active_checkout,Check availability,See day-trip plans,/activities/ | /activities/mindo-tarabita-cable-car/ | /mindo-day-trips/,https://mindobirdwatching.com/activities/,Product | TouristAttraction | FAQPage | BreadcrumbList,activity,activity_page,Waterfall trail and forest walkway,Product catalog and MBW GSC,Differentiate guided product from independent waterfall entrance information.
MT017,phase_1,High,create,activity_page,waterfalls,es,/es/actividades/cascadas-de-mindo/,/activities/mindo-waterfall-hike/,Tour de Cascadas de Mindo,ruta de las cascadas Mindo,Mindo waterfall tour,commercial,bottom,MBW013,active_checkout,Check availability,See day-trip plans,/activities/ | /activities/mindo-tarabita-cable-car/ | /mindo-day-trips/,https://mindobirdwatching.com/activities/,Product | TouristAttraction | FAQPage | BreadcrumbList,activity,activity_page,Waterfall trail and forest walkway,Product catalog and MBW GSC,Differentiate guided product from independent waterfall entrance information.
MT018,phase_1,High,create,activity_page,adventure,en,/activities/ziplining-mindo/,/es/actividades/canopy-en-mindo/,Ziplining and Canopy in Mindo,Mindo ziplining,canopy Mindo,commercial,bottom,MBW014,active_checkout,Check availability,Compare adventures,/mindo-adventure-tours/ | /activities/ | /things-to-do-in-mindo/,https://mindobirdwatching.com/activities/,Product | TouristAttraction | FAQPage | BreadcrumbList,activity_adventure,activity_page,Zipline over cloud-forest canopy,Product catalog and MindoTours GSC,Avoid unsupported claims about number or length of lines.
MT018,phase_1,High,create,activity_page,adventure,es,/es/actividades/canopy-en-mindo/,/activities/ziplining-mindo/,Canopy y Tirolina en Mindo,canopy Mindo,Mindo ziplining,commercial,bottom,MBW014,active_checkout,Check availability,Compare adventures,/mindo-adventure-tours/ | /activities/ | /things-to-do-in-mindo/,https://mindobirdwatching.com/activities/,Product | TouristAttraction | FAQPage | BreadcrumbList,activity_adventure,activity_page,Zipline over cloud-forest canopy,Product catalog and MindoTours GSC,Avoid unsupported claims about number or length of lines.
MT019,phase_1,High,create,activity_page,adventure,en,/activities/tubing-mindo/,/es/actividades/tubing-en-mindo/,Tubing in Mindo,tubing Mindo,tubing en Mindo,commercial,bottom,ACT011,active_pending_stripe_ids,Request availability,Compare adventures,/mindo-adventure-tours/ | /activities/canyoning-mindo/ | /activities/,https://mindobirdwatching.com/activities/tubing/,Product | TouristAttraction | FAQPage | BreadcrumbList,activity_adventure,activity_page,Mindo River tubing with safety gear,Product catalog and MBW GSC,Publishable product content; checkout implementation waits for verified Stripe IDs.
MT019,phase_1,High,create,activity_page,adventure,es,/es/actividades/tubing-en-mindo/,/activities/tubing-mindo/,Tubing en Mindo,tubing en Mindo,tubing Mindo,commercial,bottom,ACT011,active_pending_stripe_ids,Request availability,Compare adventures,/mindo-adventure-tours/ | /activities/canyoning-mindo/ | /activities/,https://mindobirdwatching.com/activities/tubing/,Product | TouristAttraction | FAQPage | BreadcrumbList,activity_adventure,activity_page,Mindo River tubing with safety gear,Product catalog and MBW GSC,Publishable product content; checkout implementation waits for verified Stripe IDs.
MT020,phase_1,High,create,activity_page,adventure,en,/activities/canyoning-mindo/,/es/actividades/canyoning-en-mindo/,Canyoning in Mindo,canyoning Mindo,canyoning en Mindo,commercial,bottom,ACT013,active_checkout,Check availability,Compare adventures,/mindo-adventure-tours/ | /activities/tubing-mindo/ | /activities/,https://mindobirdwatching.com/activities/canyoning/,Product | TouristAttraction | FAQPage | BreadcrumbList,activity_adventure,activity_page,Guided canyoning and waterfall descent,Product catalog and MBW GSC,State difficulty and inclusions only from verified product data.
MT020,phase_1,High,create,activity_page,adventure,es,/es/actividades/canyoning-en-mindo/,/activities/canyoning-mindo/,Canyoning en Mindo,canyoning en Mindo,canyoning Mindo,commercial,bottom,ACT013,active_checkout,Check availability,Compare adventures,/mindo-adventure-tours/ | /activities/tubing-mindo/ | /activities/,https://mindobirdwatching.com/activities/canyoning/,Product | TouristAttraction | FAQPage | BreadcrumbList,activity_adventure,activity_page,Guided canyoning and waterfall descent,Product catalog and MBW GSC,State difficulty and inclusions only from verified product data.
MT021,phase_2,Medium,create,activity_page,adventure,en,/activities/quad-tour-mindo/,/es/actividades/tour-en-quad-mindo/,Quad Tour in Mindo,quad tour Mindo,tour en cuadrones Mindo,commercial,bottom,ACT004,active_pending_stripe_ids,Request availability,Compare adventures,/mindo-adventure-tours/ | /activities/ | /private-tours-mindo/,https://mindobirdwatching.com/activities/quad-tour/,Product | TouristAttraction | FAQPage | BreadcrumbList,activity_adventure,activity_page,Quad route with mountain scenery,Product catalog,Use request flow until Stripe IDs are verified.
MT021,phase_2,Medium,create,activity_page,adventure,es,/es/actividades/tour-en-quad-mindo/,/activities/quad-tour-mindo/,Tour en Quad en Mindo,tour en cuadrones Mindo,quad tour Mindo,commercial,bottom,ACT004,active_pending_stripe_ids,Request availability,Compare adventures,/mindo-adventure-tours/ | /activities/ | /private-tours-mindo/,https://mindobirdwatching.com/activities/quad-tour/,Product | TouristAttraction | FAQPage | BreadcrumbList,activity_adventure,activity_page,Quad route with mountain scenery,Product catalog,Use request flow until Stripe IDs are verified.
MT022,phase_2,Medium,create,activity_page,gardens,en,/activities/orchid-garden-mindo/,/es/actividades/jardin-de-orquideas-mindo/,Orchid Garden Tour in Mindo,Mindo orchid garden,jardín de orquídeas Mindo,commercial,middle,ACT009,active_pending_stripe_ids,Request availability,Explore nature activities,/mindo-wildlife-nature-tours/ | /activities/ | /mindo-cloud-forest-guide/,https://mindobirdwatching.com/activities/orchid-garden-tour/,Product | TouristAttraction | FAQPage | BreadcrumbList,activity_nature,activity_page,Macro orchid detail with garden context,Product catalog,Use request flow until Stripe IDs are verified.
MT022,phase_2,Medium,create,activity_page,gardens,es,/es/actividades/jardin-de-orquideas-mindo/,/activities/orchid-garden-mindo/,Tour del Jardín de Orquídeas en Mindo,jardín de orquídeas Mindo,Mindo orchid garden,commercial,middle,ACT009,active_pending_stripe_ids,Request availability,Explore nature activities,/mindo-wildlife-nature-tours/ | /activities/ | /mindo-cloud-forest-guide/,https://mindobirdwatching.com/activities/orchid-garden-tour/,Product | TouristAttraction | FAQPage | BreadcrumbList,activity_nature,activity_page,Macro orchid detail with garden context,Product catalog,Use request flow until Stripe IDs are verified.
MT023,phase_2,Medium,create,activity_page,gardens,en,/activities/butterfly-garden-mindo/,/es/actividades/mariposario-mindo/,Butterfly Garden in Mindo,Mindo butterfly garden,mariposario Mindo,commercial,middle,MBW015,active_checkout,Check availability,Explore family activities,/family-things-to-do-mindo/ | /activities/ | /mindo-wildlife-nature-tours/,https://mindobirdwatching.com/activities/,Product | TouristAttraction | FAQPage | BreadcrumbList,activity_nature,activity_page,Butterflies in a garden habitat,Product catalog,Avoid guarantees about species present on a visit.
MT023,phase_2,Medium,create,activity_page,gardens,es,/es/actividades/mariposario-mindo/,/activities/butterfly-garden-mindo/,Mariposario de Mindo,mariposario Mindo,Mindo butterfly garden,commercial,middle,MBW015,active_checkout,Check availability,Explore family activities,/family-things-to-do-mindo/ | /activities/ | /mindo-wildlife-nature-tours/,https://mindobirdwatching.com/activities/,Product | TouristAttraction | FAQPage | BreadcrumbList,activity_nature,activity_page,Butterflies in a garden habitat,Product catalog,Avoid guarantees about species present on a visit.
MT024,phase_1,High,create,activity_page,wildlife,en,/activities/night-walk-mindo/,/es/actividades/caminata-nocturna-mindo/,Night Walk in Mindo,Mindo night walk,caminata nocturna Mindo,commercial,bottom,MBW016,active_checkout,Check availability,See wildlife tours,/mindo-wildlife-nature-tours/ | /activities/frog-concert-mindo/ | /activities/,https://mindobirdwatching.com/mindo-night-walk/,Product | TouristAttraction | FAQPage | BreadcrumbList,activity_wildlife,activity_page,Guide with flashlight and nocturnal forest,Product catalog and MBW GSC,MBW owns detailed specialist content; MindoTours provides broad trip-planning context.
MT024,phase_1,High,create,activity_page,wildlife,es,/es/actividades/caminata-nocturna-mindo/,/activities/night-walk-mindo/,Caminata Nocturna en Mindo,caminata nocturna Mindo,Mindo night walk,commercial,bottom,MBW016,active_checkout,Check availability,See wildlife tours,/mindo-wildlife-nature-tours/ | /activities/frog-concert-mindo/ | /activities/,https://mindobirdwatching.com/mindo-night-walk/,Product | TouristAttraction | FAQPage | BreadcrumbList,activity_wildlife,activity_page,Guide with flashlight and nocturnal forest,Product catalog and MBW GSC,MBW owns detailed specialist content; MindoTours provides broad trip-planning context.
MT025,phase_2,Medium,create,activity_page,nature,en,/activities/horseback-riding-mindo/,/es/actividades/paseo-a-caballo-mindo/,Horseback Riding in Mindo,horseback riding Mindo,paseo a caballo Mindo,commercial,bottom,ACT016,active_pending_stripe_ids,Request availability,Compare nature activities,/activities/ | /private-tours-mindo/ | /things-to-do-in-mindo/,https://mindobirdwatching.com/activities/,Product | TouristAttraction | FAQPage | BreadcrumbList,activity_nature,activity_page,Horseback route in green Mindo landscape,Product catalog,Confirm route and operating details before final publication.
MT025,phase_2,Medium,create,activity_page,nature,es,/es/actividades/paseo-a-caballo-mindo/,/activities/horseback-riding-mindo/,Paseo a Caballo en Mindo,paseo a caballo Mindo,horseback riding Mindo,commercial,bottom,ACT016,active_pending_stripe_ids,Request availability,Compare nature activities,/activities/ | /private-tours-mindo/ | /things-to-do-in-mindo/,https://mindobirdwatching.com/activities/,Product | TouristAttraction | FAQPage | BreadcrumbList,activity_nature,activity_page,Horseback route in green Mindo landscape,Product catalog,Confirm route and operating details before final publication.
MT026,phase_2,Medium,create,activity_page,adventure,en,/activities/mountain-biking-mindo/,/es/actividades/ciclismo-de-montana-mindo/,Mountain Biking in Mindo,mountain biking Mindo,ciclismo de montaña Mindo,commercial,bottom,ACT017,active_checkout,Check availability,Compare adventures,/mindo-adventure-tours/ | /activities/ | /private-tours-mindo/,https://mindobirdwatching.com/activities/mountain-biking/,Product | TouristAttraction | FAQPage | BreadcrumbList,activity_adventure,activity_page,Mountain bike on a cloud-forest road,Product catalog,Route-dependent duration; avoid fixed route claims.
MT026,phase_2,Medium,create,activity_page,adventure,es,/es/actividades/ciclismo-de-montana-mindo/,/activities/mountain-biking-mindo/,Ciclismo de Montaña en Mindo,ciclismo de montaña Mindo,mountain biking Mindo,commercial,bottom,ACT017,active_checkout,Check availability,Compare adventures,/mindo-adventure-tours/ | /activities/ | /private-tours-mindo/,https://mindobirdwatching.com/activities/mountain-biking/,Product | TouristAttraction | FAQPage | BreadcrumbList,activity_adventure,activity_page,Mountain bike on a cloud-forest road,Product catalog,Route-dependent duration; avoid fixed route claims.
MT027,phase_2,Medium,create,activity_page,wildlife,en,/activities/frog-concert-mindo/,/es/actividades/concierto-de-ranas-mindo/,Frog Concert in Mindo,Mindo frog concert,concierto de ranas Mindo,commercial,middle,ACT010,active_checkout_ids_pending_review,Check availability,Compare night activities,/activities/night-walk-mindo/ | /mindo-wildlife-nature-tours/ | /activities/,https://mindobirdwatching.com/activities/,Product | TouristAttraction | FAQPage | BreadcrumbList,activity_wildlife,activity_page,Frog habitat at dusk,Product catalog,Do not guarantee frog activity or specific sightings.
MT027,phase_2,Medium,create,activity_page,wildlife,es,/es/actividades/concierto-de-ranas-mindo/,/activities/frog-concert-mindo/,Concierto de Ranas en Mindo,concierto de ranas Mindo,Mindo frog concert,commercial,middle,ACT010,active_checkout_ids_pending_review,Check availability,Compare night activities,/activities/night-walk-mindo/ | /mindo-wildlife-nature-tours/ | /activities/,https://mindobirdwatching.com/activities/,Product | TouristAttraction | FAQPage | BreadcrumbList,activity_wildlife,activity_page,Frog habitat at dusk,Product catalog,Do not guarantee frog activity or specific sightings.
MT028,phase_3,Low,create,activity_page,flora,en,/activities/flora-tour-mindo/,/es/actividades/tour-de-flora-mindo/,Flora Tour in Mindo,Mindo flora tour,tour de flora Mindo,commercial,middle,MBW009,active_checkout,Check availability,Explore nature tours,/mindo-wildlife-nature-tours/ | /activities/orchid-garden-mindo/ | /activities/,https://mindobirdwatching.com/activities/,Product | TouristAttraction | FAQPage | BreadcrumbList,activity_nature,activity_page,Botanical guide with cloud-forest plants,Product catalog,Use botanical claims only when verified.
MT028,phase_3,Low,create,activity_page,flora,es,/es/actividades/tour-de-flora-mindo/,/activities/flora-tour-mindo/,Tour de Flora en Mindo,tour de flora Mindo,Mindo flora tour,commercial,middle,MBW009,active_checkout,Check availability,Explore nature tours,/mindo-wildlife-nature-tours/ | /activities/orchid-garden-mindo/ | /activities/,https://mindobirdwatching.com/activities/,Product | TouristAttraction | FAQPage | BreadcrumbList,activity_nature,activity_page,Botanical guide with cloud-forest plants,Product catalog,Use botanical claims only when verified.
MT029,phase_3,Low,create,activity_page,adventure,en,/activities/paintball-mindo/,/es/actividades/paintball-mindo/,Paintball in Mindo,paintball Mindo,paintball Mindo,commercial,bottom,ACT015,active_pending_stripe_ids,Request availability,Compare group activities,/mindo-adventure-tours/ | /family-things-to-do-mindo/ | /activities/,https://mindobirdwatching.com/activities/paintball/,Product | TouristAttraction | FAQPage | BreadcrumbList,activity_adventure,activity_page,Outdoor paintball course,Product catalog,Use request flow until Stripe IDs and operating details are verified.
MT029,phase_3,Low,create,activity_page,adventure,es,/es/actividades/paintball-mindo/,/activities/paintball-mindo/,Paintball en Mindo,paintball Mindo,paintball Mindo,commercial,bottom,ACT015,active_pending_stripe_ids,Request availability,Compare group activities,/mindo-adventure-tours/ | /family-things-to-do-mindo/ | /activities/,https://mindobirdwatching.com/activities/paintball/,Product | TouristAttraction | FAQPage | BreadcrumbList,activity_adventure,activity_page,Outdoor paintball course,Product catalog,Use request flow until Stripe IDs and operating details are verified.
MT030,phase_1,High,create,sister_site_funnel,bears,en,/spectacled-bear-tours-ecuador/,/es/tours-de-oso-de-anteojos-ecuador/,Spectacled Bear Tours in Ecuador,spectacled bear tour Ecuador,tour oso de anteojos Ecuador,commercial,bottom,OSO001 | OSO002,active_checkout,View bear tours on MBW,Ask about conditions,/mindo-wildlife-nature-tours/ | /private-tours-mindo/ | /tours/,https://mindobirdwatching.com/tours/spectacled-bear-tour-ecuador/,Service | ItemList | FAQPage | BreadcrumbList,sister_funnel,sister_site_funnel,Spectacled bear habitat with no sighting guarantee,Product catalog and MBW GSC,State clearly that wildlife sightings depend on conditions; MBW owns booking detail.
MT030,phase_1,High,create,sister_site_funnel,bears,es,/es/tours-de-oso-de-anteojos-ecuador/,/spectacled-bear-tours-ecuador/,Tours del Oso de Anteojos en Ecuador,tour oso de anteojos Ecuador,spectacled bear tour Ecuador,commercial,bottom,OSO001 | OSO002,active_checkout,View bear tours on MBW,Ask about conditions,/mindo-wildlife-nature-tours/ | /private-tours-mindo/ | /tours/,https://mindobirdwatching.com/tours/spectacled-bear-tour-ecuador/,Service | ItemList | FAQPage | BreadcrumbList,sister_funnel,sister_site_funnel,Spectacled bear habitat with no sighting guarantee,Product catalog and MBW GSC,State clearly that wildlife sightings depend on conditions; MBW owns booking detail.
MT031,phase_1,High,create,transport_page,transport,en,/quito-to-mindo-transport/,/es/transporte-quito-a-mindo/,Quito to Mindo Private Transport,Quito to Mindo private transfer,transporte privado Quito Mindo,commercial,bottom,TRANS01 | TRANS02 | TRANS03 | TRANS04 | TRANS06,active_mixed_checkout,Request transport,See day trips,/how-to-get-to-mindo/ | /mindo-day-trips/ | /book-tour/,https://mindobirdwatching.com/contact/,Service | FAQPage | BreadcrumbList,transport,transport_page,Private vehicle on the Quito-Mindo route,Product catalog and GSC,Do not show a single universal price across route variants.
MT031,phase_1,High,create,transport_page,transport,es,/es/transporte-quito-a-mindo/,/quito-to-mindo-transport/,Transporte Privado de Quito a Mindo,transporte privado Quito Mindo,Quito to Mindo private transfer,commercial,bottom,TRANS01 | TRANS02 | TRANS03 | TRANS04 | TRANS06,active_mixed_checkout,Request transport,See day trips,/how-to-get-to-mindo/ | /mindo-day-trips/ | /book-tour/,https://mindobirdwatching.com/contact/,Service | FAQPage | BreadcrumbList,transport,transport_page,Private vehicle on the Quito-Mindo route,Product catalog and GSC,Do not show a single universal price across route variants.
MT032,phase_1,High,create,commercial_hub,adventure,en,/mindo-adventure-tours/,/es/tours-de-aventura-mindo/,Mindo Adventure Tours,Mindo adventure tours,tours de aventura Mindo,commercial,middle,MBW014 | ACT004 | ACT011 | ACT013 | ACT015 | ACT017,active_and_active_pending,Compare adventures,Request a custom day,/activities/ziplining-mindo/ | /activities/tubing-mindo/ | /activities/canyoning-mindo/ | /activities/mountain-biking-mindo/,https://mindobirdwatching.com/activities/,CollectionPage | ItemList | FAQPage | BreadcrumbList,commercial_hub,commercial_hub,"Adventure collage with zipline, river and bike",Product catalog and MindoTours GSC,Exclude rafting as an active product.
MT032,phase_1,High,create,commercial_hub,adventure,es,/es/tours-de-aventura-mindo/,/mindo-adventure-tours/,Tours de Aventura en Mindo,tours de aventura Mindo,Mindo adventure tours,commercial,middle,MBW014 | ACT004 | ACT011 | ACT013 | ACT015 | ACT017,active_and_active_pending,Compare adventures,Request a custom day,/activities/ziplining-mindo/ | /activities/tubing-mindo/ | /activities/canyoning-mindo/ | /activities/mountain-biking-mindo/,https://mindobirdwatching.com/activities/,CollectionPage | ItemList | FAQPage | BreadcrumbList,commercial_hub,commercial_hub,"Adventure collage with zipline, river and bike",Product catalog and MindoTours GSC,Exclude rafting as an active product.
MT033,phase_2,Medium,create,commercial_hub,wildlife_nature,en,/mindo-wildlife-nature-tours/,/es/tours-de-naturaleza-y-fauna-mindo/,Mindo Wildlife and Nature Tours,Mindo wildlife tours,tours de naturaleza Mindo,commercial,middle,MBW009 | MBW015-MBW016 | ACT009-ACT010 | OSO001-OSO002,active_and_active_pending,Explore nature tours,Request a custom plan,/activities/night-walk-mindo/ | /activities/orchid-garden-mindo/ | /spectacled-bear-tours-ecuador/,https://mindobirdwatching.com/,CollectionPage | ItemList | FAQPage | BreadcrumbList,commercial_hub,commercial_hub,Cloud-forest wildlife without guaranteed sightings,Product catalog,Link specialist birding and bear content to MBW.
MT033,phase_2,Medium,create,commercial_hub,wildlife_nature,es,/es/tours-de-naturaleza-y-fauna-mindo/,/mindo-wildlife-nature-tours/,Tours de Naturaleza y Fauna en Mindo,tours de naturaleza Mindo,Mindo wildlife tours,commercial,middle,MBW009 | MBW015-MBW016 | ACT009-ACT010 | OSO001-OSO002,active_and_active_pending,Explore nature tours,Request a custom plan,/activities/night-walk-mindo/ | /activities/orchid-garden-mindo/ | /spectacled-bear-tours-ecuador/,https://mindobirdwatching.com/,CollectionPage | ItemList | FAQPage | BreadcrumbList,commercial_hub,commercial_hub,Cloud-forest wildlife without guaranteed sightings,Product catalog,Link specialist birding and bear content to MBW.
MT034,phase_2,Medium,create,itinerary,travel_planning,en,/mindo-itinerary-one-day/,/es/itinerario-mindo-un-dia/,One-Day Mindo Itinerary,one day in Mindo itinerary,itinerario Mindo un día,informational_commercial,middle,Multiple active products,mixed_active,Build your one-day plan,See day trips,/mindo-day-trips/ | /things-to-do-in-mindo/ | /activities/,https://mindobirdwatching.com/mindo-day-tour-from-quito/,Article | ItemList | FAQPage | BreadcrumbList,itinerary,itinerary,Morning-to-evening visual sequence,Product catalog and GSC day-trip demand,Provide modular options rather than claiming all activities fit one day.
MT034,phase_2,Medium,create,itinerary,travel_planning,es,/es/itinerario-mindo-un-dia/,/mindo-itinerary-one-day/,Itinerario de un Día en Mindo,itinerario Mindo un día,one day in Mindo itinerary,informational_commercial,middle,Multiple active products,mixed_active,Build your one-day plan,See day trips,/mindo-day-trips/ | /things-to-do-in-mindo/ | /activities/,https://mindobirdwatching.com/mindo-day-tour-from-quito/,Article | ItemList | FAQPage | BreadcrumbList,itinerary,itinerary,Morning-to-evening visual sequence,Product catalog and GSC day-trip demand,Provide modular options rather than claiming all activities fit one day.
MT035,phase_2,Medium,create,itinerary,travel_planning,en,/mindo-itinerary-two-days/,/es/itinerario-mindo-dos-dias/,Two-Day Mindo Itinerary,two days in Mindo itinerary,itinerario Mindo dos días,informational_commercial,middle,Multiple active products,mixed_active,Build your two-day plan,Request private planning,/mindo-itinerary-one-day/ | /private-tours-mindo/ | /mindo-travel-guide/,https://mindobirdwatching.com/,Article | ItemList | FAQPage | BreadcrumbList,itinerary,itinerary,Two-day activity sequence with rest time,Product catalog,Keep lodging recommendations generic unless verified.
MT035,phase_2,Medium,create,itinerary,travel_planning,es,/es/itinerario-mindo-dos-dias/,/mindo-itinerary-two-days/,Itinerario de Dos Días en Mindo,itinerario Mindo dos días,two days in Mindo itinerary,informational_commercial,middle,Multiple active products,mixed_active,Build your two-day plan,Request private planning,/mindo-itinerary-one-day/ | /private-tours-mindo/ | /mindo-travel-guide/,https://mindobirdwatching.com/,Article | ItemList | FAQPage | BreadcrumbList,itinerary,itinerary,Two-day activity sequence with rest time,Product catalog,Keep lodging recommendations generic unless verified.
MT036,phase_2,Medium,create,audience_guide,family,en,/family-things-to-do-mindo/,/es/actividades-en-mindo-con-ninos/,Family Things to Do in Mindo,family things to do in Mindo,actividades en Mindo con niños,informational_commercial,middle,MBW011-MBW015 | Selected active activities,active,Compare family activities,Request a private plan,/activities/butterfly-garden-mindo/ | /activities/chocolate-tour-mindo/ | /private-tours-mindo/,https://mindobirdwatching.com/activities/,Article | ItemList | FAQPage | BreadcrumbList,audience_guide,audience_guide,Family-friendly activity montage,Product catalog,Do not assign age limits without verified operator rules.
MT036,phase_2,Medium,create,audience_guide,family,es,/es/actividades-en-mindo-con-ninos/,/family-things-to-do-mindo/,Actividades en Mindo con Niños,actividades en Mindo con niños,family things to do in Mindo,informational_commercial,middle,MBW011-MBW015 | Selected active activities,active,Compare family activities,Request a private plan,/activities/butterfly-garden-mindo/ | /activities/chocolate-tour-mindo/ | /private-tours-mindo/,https://mindobirdwatching.com/activities/,Article | ItemList | FAQPage | BreadcrumbList,audience_guide,audience_guide,Family-friendly activity montage,Product catalog,Do not assign age limits without verified operator rules.
MT037,phase_2,Medium,create,attraction_guide,waterfalls,en,/activities/mindo-tarabita-cable-car/,/es/actividades/tarabita-de-mindo/,Mindo Tarabita Cable Car,Mindo tarabita cable car,tarabita Mindo,informational_commercial,middle,MBW013,active_related_product,Plan a waterfall visit,See guided waterfall tours,/activities/mindo-waterfall-hike/ | /mindo-day-trips/ | /things-to-do-in-mindo/,https://mindobirdwatching.com/activities/,TouristAttraction | FAQPage | BreadcrumbList,attraction_guide,attraction_guide,Tarabita over forested valley,MindoTours GSC queries and waterfall product,Verify current entrance and operating details before publication.
MT037,phase_2,Medium,create,attraction_guide,waterfalls,es,/es/actividades/tarabita-de-mindo/,/activities/mindo-tarabita-cable-car/,Tarabita de Mindo,tarabita Mindo,Mindo tarabita cable car,informational_commercial,middle,MBW013,active_related_product,Plan a waterfall visit,See guided waterfall tours,/activities/mindo-waterfall-hike/ | /mindo-day-trips/ | /things-to-do-in-mindo/,https://mindobirdwatching.com/activities/,TouristAttraction | FAQPage | BreadcrumbList,attraction_guide,attraction_guide,Tarabita over forested valley,MindoTours GSC queries and waterfall product,Verify current entrance and operating details before publication.
MT038,phase_3,Hold,hold_for_product_approval,activity_page,specialty_wildlife,en,/activities/private-insect-macro-wildlife-search/,/es/actividades/busqueda-privada-insectos-macrofauna/,Private Insect and Macro Wildlife Search,Mindo insect tour,tour de insectos Mindo,commercial,bottom,ACT021,new_specialty_activity_needs_review,Request review,Explore wildlife tours,/mindo-wildlife-nature-tours/ | /private-tours-mindo/ | /activities/night-walk-mindo/,https://mindobirdwatching.com/activities/private-insect-macro-wildlife-search/,Product | TouristAttraction | FAQPage | BreadcrumbList,activity_wildlife,activity_page,Macro insect photography with placeholder,Product catalog,Do not publish until product review and Stripe IDs are complete.
MT038,phase_3,Hold,hold_for_product_approval,activity_page,specialty_wildlife,es,/es/actividades/busqueda-privada-insectos-macrofauna/,/activities/private-insect-macro-wildlife-search/,Búsqueda Privada de Insectos y Macrofauna,tour de insectos Mindo,Mindo insect tour,commercial,bottom,ACT021,new_specialty_activity_needs_review,Request review,Explore wildlife tours,/mindo-wildlife-nature-tours/ | /private-tours-mindo/ | /activities/night-walk-mindo/,https://mindobirdwatching.com/activities/private-insect-macro-wildlife-search/,Product | TouristAttraction | FAQPage | BreadcrumbList,activity_wildlife,activity_page,Macro insect photography with placeholder,Product catalog,Do not publish until product review and Stripe IDs are complete.
MT039,phase_3,Hold,hold_for_product_approval,activity_page,adventure,en,/activities/sky-bike-mindo/,/es/actividades/bicicleta-extrema-mindo/,Sky Bike in Mindo,sky bike Mindo,bicicleta extrema Mindo,commercial,bottom,ACT019,new_activity_needs_review,Request review,Compare adventures,/mindo-adventure-tours/ | /activities/,,Product | TouristAttraction | FAQPage | BreadcrumbList,activity_adventure,activity_page,Sky bike placeholder,Product catalog,Do not publish until product details and accounting status are approved.
MT039,phase_3,Hold,hold_for_product_approval,activity_page,adventure,es,/es/actividades/bicicleta-extrema-mindo/,/activities/sky-bike-mindo/,Bicicleta Extrema en Mindo,bicicleta extrema Mindo,sky bike Mindo,commercial,bottom,ACT019,new_activity_needs_review,Request review,Compare adventures,/mindo-adventure-tours/ | /activities/,,Product | TouristAttraction | FAQPage | BreadcrumbList,activity_adventure,activity_page,Sky bike placeholder,Product catalog,Do not publish until product details and accounting status are approved.
MT040,phase_3,Hold,hold_for_product_approval,activity_page,adventure,en,/activities/extreme-swing-mindo/,/es/actividades/columpio-extremo-mindo/,Extreme Swing in Mindo,extreme swing Mindo,columpio extremo Mindo,commercial,bottom,ACT018,new_activity_needs_review,Request review,Compare adventures,/mindo-adventure-tours/ | /activities/,,Product | TouristAttraction | FAQPage | BreadcrumbList,activity_adventure,activity_page,Extreme swing placeholder,Product catalog,Do not publish until product details and accounting status are approved.
MT040,phase_3,Hold,hold_for_product_approval,activity_page,adventure,es,/es/actividades/columpio-extremo-mindo/,/activities/extreme-swing-mindo/,Columpio Extremo en Mindo,columpio extremo Mindo,extreme swing Mindo,commercial,bottom,ACT018,new_activity_needs_review,Request review,Compare adventures,/mindo-adventure-tours/ | /activities/,,Product | TouristAttraction | FAQPage | BreadcrumbList,activity_adventure,activity_page,Extreme swing placeholder,Product catalog,Do not publish until product details and accounting status are approved.
MT041,phase_3,Hold,hold_for_product_approval,activity_page,adventure,en,/activities/sky-ride-mindo/,/es/actividades/sky-ride-mindo/,Sky Ride in Mindo,sky ride Mindo,sky ride Mindo,commercial,bottom,ACT020,new_activity_needs_review,Request review,Compare adventures,/mindo-adventure-tours/ | /activities/,,Product | TouristAttraction | FAQPage | BreadcrumbList,activity_adventure,activity_page,Sky ride placeholder,Product catalog,Product flags conflict; hold publication until reviewed and confirmed active.
MT041,phase_3,Hold,hold_for_product_approval,activity_page,adventure,es,/es/actividades/sky-ride-mindo/,/activities/sky-ride-mindo/,Sky Ride en Mindo,sky ride Mindo,sky ride Mindo,commercial,bottom,ACT020,new_activity_needs_review,Request review,Compare adventures,/mindo-adventure-tours/ | /activities/,,Product | TouristAttraction | FAQPage | BreadcrumbList,activity_adventure,activity_page,Sky ride placeholder,Product catalog,Product flags conflict; hold publication until reviewed and confirmed active.
